{"full_table": {"n": 150, "n_var": 5, "n_cells_missing": 0, "p_cells_missing": 0.0, "n_duplicates": 1, "p_duplicates": 0.006666666666666667, "memory_size": 6128, "record_size": 40.85333333333333}}